<?xml version="1.0" encoding="UTF-8"?>
<ejb-jar xmlns:xsi="http://www.w3.org/2001/XMLSchema-instance" xmlns="http://java.sun.com/xml/ns/javaee" xmlns:ejb="http://java.sun.com/xml/ns/javaee/ejb-jar_3_0.xsd" xsi:schemaLocation="http://java.sun.com/xml/ns/javaee http://java.sun.com/xml/ns/javaee/ejb-jar_3_1.xsd" version="3.1">
  <display-name>org.dieschnittstelle.jee.esa.shared.ejbmodule.erp</display-name>
  <interceptors>
    <!-- the interceptor class is actually declared by the ejbmodule.crm project which does depend on ejbmodule.erp - however, the declaration should not do any harm here -->
    <interceptor>
      <interceptor-class>org.dieschnittstelle.jee.esa.ejb.interceptors.LoggingInterceptor</interceptor-class>
      <around-invoke>
        <method-name>logMethod</method-name>
      </around-invoke>
    </interceptor>
  </interceptors>
  <assembly-descriptor>
    <interceptor-binding>
      <ejb-name>*</ejb-name>
      <interceptor-class>org.dieschnittstelle.jee.esa.ejb.interceptors.LoggingInterceptor</interceptor-class>
    </interceptor-binding>
  </assembly-descriptor>
</ejb-jar>