<datasources>
	<!-- MySQL
	<datasource jndi-name="java:/crm_erp_DS" pool-name="crm_erp_Pool"
		enabled="true" use-java-context="true">
		<connection-url>jdbc:mysql://localhost:3306/crm_erp_db
		</connection-url>
		<driver>mysql</driver>
		<security>
			<user-name>root</user-name>
			<password></password>
		</security>
	</datasource> -->
	<!-- h2 server -->
	<datasource jndi-name="java:/crm_erp_DS" pool-name="crm_erp_Pool"
				enabled="true" use-java-context="true">
		<connection-url>jdbc:h2:tcp://localhost/~/crm_erp_db</connection-url>
		<driver>h2</driver>
		<security>
			<user-name>sa</user-name>
			<password></password>
		</security>
	</datasource>
	<!-- h2 embedded Datenbank
	<datasource jndi-name="java:/crm_erp_DS" pool-name="crm_erp_Pool"
		enabled="true" use-java-context="true">
		<connection-url>jdbc:h2:mem:crm_erp_db;DB_CLOSE_DELAY=-1 </connection-url>
		<driver>h2</driver>
		<security>
			<user-name>sa</user-name>
			<password>sa</password>
		</security>
	</datasource>  -->
	<!-- xa datasource for distributed transactions -->
	<!-- see http://www.ironjacamar.org/doc/userguide/1.1/en-US/html/apc.html -->
	<!--<xa-datasource jndi-name="java:/erp_DS" pool-name="erp_Pool">-->
	<!--<xa-datasource-class>org.h2.jdbcx.JdbcDataSource</xa-datasource-class>-->
	<!--<xa-datasource-property name="URL">jdbc:h2:tcp://localhost/~/crm_erp_db</xa-datasource-property>-->
	<!--<security>-->
	<!--&lt;!&ndash; Have to defined as a primary property - otherwise it won't work &ndash;&gt;-->
	<!--<user-name>sa</user-name>-->
	<!--&lt;!&ndash; Have to defined as a primary property - otherwise it won't work &ndash;&gt;-->
	<!--<password></password>-->
	<!--</security>-->
	<!--</xa-datasource>-->
</datasources>
