<?xml version="1.0" encoding="UTF-8"?>
<stockitems>
    <stockitem>
       <brandname>Milka</brandname>
       <class>org.dieschnittstelle.jee.esa.basics.annotations.stockitemtypes.Schokolade</class>
       <units>24</units>        
    </stockitem>    
    <stockitem>
       <brandname>Ritter Sport</brandname>
       <class>org.dieschnittstelle.jee.esa.basics.annotations.stockitemtypes.Schokolade</class>
       <units>16</units>        
    </stockitem>  
    <stockitem>
       <brandname>Lindt</brandname>
       <class>org.dieschnittstelle.jee.esa.basics.annotations.stockitemtypes.Schokolade</class>
       <units>20</units>        
    </stockitem>    
    <stockitem>
       <brandname>Mark Brandenburg</brandname>
       <class>org.dieschnittstelle.jee.esa.basics.annotations.stockitemtypes.Milch</class>
       <units>10</units>        
    </stockitem>   
    <stockitem>
       <brandname>Mark Brandenburg Fettarm</brandname>
       <class>org.dieschnittstelle.jee.esa.basics.annotations.stockitemtypes.Milch</class>
       <units>20</units>        
    </stockitem>    
</stockitems>